id	first_name	last_name	email	date_of_birth	weight	height
1	Chas	Hanretty	chanretty0@de.vu	1956/12/11	97	59
2	Laurene	Gunstone	lgunstone1@time.com	1958/09/22	104	70
3	Isador	Kernock	ikernock2@chronoengine.com	1968/01/18	182	53
4	Christabella	Halleybone	challeybone3@amazon.de	1959/09/24	247	60
5	Marjory	Dady	mdady4@pinterest.com	1974/10/07	165	56
6	Polly	Le Noir	plenoir5@cocolog-nifty.com	1988/11/10	199	76
7	Alvan	Conichie	aconichie6@t-online.de	1957/06/24	215	82
8	Homerus	Warder	hwarder7@constantcontact.com	1990/08/05	240	75
9	Danica	Hing	dhing8@cbslocal.com	1987/03/07	151	80
10	Nat	Weatherburn	nweatherburn9@theatlantic.com	1975/10/30	176	58
11	Dorree	California	dcaliforniaa@archive.org	1998/10/31	211	58
12	Olympie	Sweetland	osweetlandb@themeforest.net	1980/12/03	248	55
13	Minta	Laidlow	mlaidlowc@cisco.com	1959/01/02	252	50
14	Conney	Rapelli	crapellid@hao123.com	1952/08/08	179	63
15	Matthus	MacFall	mmacfalle@i2i.jp	1962/05/04	107	52
16	Devina	Lipman	dlipmanf@mlb.com	1965/02/07	126	80
17	Veronika	Bernardini	vbernardinig@free.fr	1996/01/02	96	67
18	Westbrooke	Severns	wsevernsh@ebay.com	1963/11/18	219	74
19	Trixi	Ternault	tternaulti@histats.com	1944/09/05	181	71
20	Stacia	Boyland	sboylandj@spotify.com	1991/11/12	139	78
21	Farah	Sapshed	fsapshedk@tmall.com	1976/04/06	237	79
22	Mag	Le Marquis	mlemarquisl@simplemachines.org	1972/04/22	160	51
23	Desmond	McVeighty	dmcveightym@weebly.com	1981/08/16	221	63
24	Ava	Handscomb	ahandscombn@who.int	1953/02/23	220	72
25	Maye	Lawfull	mlawfullo@topsy.com	1990/01/26	139	72
26	Fredia	Capron	fcapronp@unicef.org	1982/03/24	244	69
27	Arly	Ohm	aohmq@chron.com	1964/10/04	187	51
28	Gian	Pull	gpullr@multiply.com	1998/09/02	137	52
29	Mohandas	Liveley	mliveleys@facebook.com	1966/09/10	91	68
30	Renault	Basillon	rbasillont@mit.edu	1994/12/09	180	82
31	Taffy	Duinbleton	tduinbletonu@issuu.com	1965/03/14	124	56
32	Madonna	Cardwell	mcardwellv@ustream.tv	1996/05/24	222	50
33	Candie	Vogl	cvoglw@cdbaby.com	1993/05/03	125	61
34	Gene	Renault	grenaultx@gnu.org	1985/07/31	118	61
35	Judye	Wood	jwoody@wp.com	1991/02/16	148	50
36	Mychal	Dimitriades	mdimitriadesz@army.mil	1969/09/20	116	81
37	Fawne	Dumphrey	fdumphrey10@zdnet.com	1966/07/26	194	63
38	Kandace	Todari	ktodari11@time.com	1942/09/12	217	78
39	Dwayne	Binns	dbinns12@shutterfly.com	1997/04/29	184	68
40	Delly	Sokell	dsokell13@spiegel.de	1991/06/18	221	69
41	Margot	Spofford	mspofford14@usda.gov	1942/03/10	235	73
42	Tam	Dobie	tdobie15@businesswire.com	1950/06/01	93	71
43	Olivette	Dittson	odittson16@ted.com	1975/12/20	214	50
44	Shannon	Frobisher	sfrobisher17@is.gd	1948/02/23	179	53
45	Malchy	Pickthorn	mpickthorn18@princeton.edu	1958/04/11	190	60
46	Tedie	Francesconi	tfrancesconi19@bbb.org	1960/01/05	154	62
47	Harlene	Reith	hreith1a@rediff.com	1995/08/11	141	67
48	Charin	Fulle	cfulle1b@miitbeian.gov.cn	1953/03/22	100	61
49	Tibold	Shovell	tshovell1c@ihg.com	1987/04/06	212	57
50	Mordy	Knath	mknath1d@shinystat.com	1961/01/30	217	67
51	Clerissa	Mathias	cmathias1e@drupal.org	1988/08/19	196	56
52	Tommie	Barrie	tbarrie1f@infoseek.co.jp	1945/01/03	182	52
53	Phylys	Slott	pslott1g@vk.com	1941/11/08	99	73
54	Marget	Spollen	mspollen1h@microsoft.com	1953/04/23	158	56
55	Martguerita	Arenson	marenson1i@howstuffworks.com	1987/08/28	119	57
56	Natalie	Honywill	nhonywill1j@weebly.com	1965/04/11	142	77
57	Marion	Mandrey	mmandrey1k@ameblo.jp	1996/03/18	142	78
58	Andi	De Laspee	adelaspee1l@squarespace.com	1943/07/13	131	68
59	Lula	Havik	lhavik1m@unesco.org	1983/07/20	212	82
60	Eileen	O'Crevan	eocrevan1n@hexun.com	1992/04/20	253	77
61	Adam	Entissle	aentissle1o@elpais.com	1946/12/10	126	58
62	Val	Union	vunion1p@elegantthemes.com	1971/02/12	165	74
63	Maynord	Stillert	mstillert1q@icio.us	1952/03/27	167	69
64	Katti	Starford	kstarford1r@fema.gov	1999/02/05	243	74
65	Fonz	Ebbitt	febbitt1s@elegantthemes.com	1983/09/13	119	74
66	Neile	Tabourier	ntabourier1t@360.cn	1961/11/02	209	70
67	Hortensia	Stawell	hstawell1u@cafepress.com	1966/12/17	180	63
68	Liane	Fairlie	lfairlie1v@redcross.org	1989/09/25	178	65
69	Cristionna	Minithorpe	cminithorpe1w@typepad.com	1990/06/03	94	54
70	Chelsy	Noods	cnoods1x@gravatar.com	1983/10/06	169	80
71	Trev	Rykert	trykert1y@hc360.com	1963/06/11	243	63
72	Krissy	Odhams	kodhams1z@arizona.edu	1959/01/07	130	53
73	Jamesy	Dewdeny	jdewdeny20@yellowbook.com	1988/06/26	106	55
74	Zola	Najara	znajara21@phoca.cz	1975/08/25	100	68
75	Brinna	Adamo	badamo22@sfgate.com	1967/06/14	230	60
76	Nicol	Shelvey	nshelvey23@dion.ne.jp	1954/10/12	158	58
77	Karlotte	Speke	kspeke24@ycombinator.com	1977/05/08	97	74
78	Stearn	Corington	scorington25@columbia.edu	1985/04/20	200	54
79	Manuel	Foad	mfoad26@yahoo.co.jp	1979/04/14	198	84
80	Bing	Blacklock	bblacklock27@feedburner.com	1951/12/26	155	67
81	Chicky	Rutledge	crutledge28@samsung.com	1976/04/22	186	75
82	Ashton	Feasey	afeasey29@hp.com	1944/02/28	143	51
83	Arlana	Rome	arome2a@opera.com	1957/05/01	96	66
84	Conrade	Bateman	cbateman2b@smugmug.com	1984/12/21	132	66
85	May	Hardson	mhardson2c@google.fr	1980/12/31	213	50
86	Vick	Oldnall	voldnall2d@columbia.edu	1988/12/14	190	82
87	Frederik	Vasilyev	fvasilyev2e@seesaa.net	1978/05/02	122	70
88	Germayne	Murrey	gmurrey2f@sogou.com	1976/08/28	184	55
89	Agace	Bromilow	abromilow2g@cloudflare.com	1991/10/30	111	64
90	Barbaraanne	Willers	bwillers2h@sakura.ne.jp	1990/08/04	217	64
91	Kenon	Scantleberry	kscantleberry2i@merriam-webster.com	1947/11/10	178	55
92	Astrix	Compford	acompford2j@cdc.gov	1990/05/10	153	61
93	Benedicta	Pavlata	bpavlata2k@cbslocal.com	1955/11/28	169	63
94	Sydney	Leynton	sleynton2l@seesaa.net	1954/02/13	215	69
95	Janean	Aphale	japhale2m@harvard.edu	1965/08/30	163	72
96	Athena	Eagar	aeagar2n@mozilla.org	1940/08/31	140	69
97	Brose	Ragat	bragat2o@examiner.com	1989/07/16	242	78
98	Obadias	Furney	ofurney2p@amazon.co.uk	1987/05/16	149	77
99	Harp	Demeza	hdemeza2q@census.gov	1953/06/02	120	80
100	Bibbie	Shoebrook	bshoebrook2r@sakura.ne.jp	1945/06/09	136	73
101	Rhody	Dimitrov	rdimitrov2s@globo.com	1999/02/15	208	61
102	Kristofer	Bangley	kbangley2t@goo.gl	1967/10/02	234	78
103	Hugues	Langcaster	hlangcaster2u@nymag.com	1950/04/13	141	55
104	Tammi	Kubera	tkubera2v@amazon.co.uk	1989/04/04	104	66
105	Blancha	Baudy	bbaudy2w@jiathis.com	1968/05/02	158	50
106	Elisa	Sherbourne	esherbourne2x@icio.us	1948/02/23	125	63
107	Sawyer	Winwood	swinwood2y@webnode.com	1955/07/06	148	61
108	Gloriane	Showen	gshowen2z@tinypic.com	1975/03/09	159	78
109	Robbi	Gibson	rgibson30@wufoo.com	1993/08/14	101	60
110	Lamont	Phelps	lphelps31@1688.com	1959/09/08	103	58
111	Pen	Kloska	pkloska32@msn.com	1975/09/19	148	70
112	Trudey	Bosward	tbosward33@e-recht24.de	1981/07/13	165	62
113	Minda	Carverhill	mcarverhill34@phpbb.com	1957/11/20	122	73
114	Ker	Caustic	kcaustic35@examiner.com	1996/02/06	208	50
115	Jackquelin	China	jchina36@imdb.com	1992/07/01	108	70
116	Rudolph	Chapellow	rchapellow37@virginia.edu	1965/11/20	92	50
117	Caprice	Willows	cwillows38@businessinsider.com	1972/09/06	98	55
118	Marissa	Bousquet	mbousquet39@eventbrite.com	1969/01/13	217	50
119	Janean	Cochern	jcochern3a@storify.com	1981/09/24	120	52
120	Tiertza	Yeude	tyeude3b@cargocollective.com	1983/07/22	165	52
121	Sullivan	Uttley	suttley3c@freewebs.com	1994/01/09	116	81
122	Faydra	Garford	fgarford3d@yale.edu	1966/12/17	143	68
123	Ingmar	Tuerena	ituerena3e@comcast.net	1942/01/31	162	83
124	Fowler	Ponde	fponde3f@vimeo.com	1950/09/06	101	59
125	Ajay	Bodesson	abodesson3g@businessweek.com	1997/08/10	138	68
126	Fran	Petkens	fpetkens3h@over-blog.com	1961/05/09	160	51
127	Filip	Edmonston	fedmonston3i@hibu.com	1992/09/05	215	77
128	Zelma	Noriega	znoriega3j@photobucket.com	1986/09/12	170	83
129	Kimberlyn	Boddie	kboddie3k@hubpages.com	1969/01/08	115	68
130	Alejandrina	Guilloud	aguilloud3l@naver.com	1961/08/29	224	64
131	Milton	Deelay	mdeelay3m@plala.or.jp	1976/10/10	246	62
132	Helenka	Borton	hborton3n@princeton.edu	1967/04/24	120	75
133	Cindy	Tanzer	ctanzer3o@pen.io	1954/03/28	158	81
134	Courtney	Pither	cpither3p@icq.com	1958/09/25	227	72
135	Joscelin	Oliveti	joliveti3q@rakuten.co.jp	1979/01/20	142	82
136	Shawn	Wimbury	swimbury3r@china.com.cn	1983/12/30	203	51
137	Torrin	Constable	tconstable3s@angelfire.com	1964/01/14	206	60
138	Fairfax	Rootes	frootes3t@posterous.com	1980/09/14	113	56
139	Erin	Hudleston	ehudleston3u@epa.gov	1997/04/09	225	82
140	Dulciana	Johannes	djohannes3v@ucoz.com	1996/10/24	216	69
141	Jennica	Caulfield	jcaulfield3w@wordpress.com	1979/03/18	150	50
142	Evangelia	Matschuk	ematschuk3x@prweb.com	1969/06/24	217	80
143	Burtie	Keough	bkeough3y@reverbnation.com	1962/09/14	246	75
144	Lacie	Selcraig	lselcraig3z@europa.eu	1979/09/04	239	63
145	Fae	Cecil	fcecil40@ezinearticles.com	1996/12/30	186	84
146	Linnet	Filpi	lfilpi41@upenn.edu	1963/11/12	190	81
147	Alec	Nassy	anassy42@reference.com	1993/02/04	206	81
148	Melba	Calderbank	mcalderbank43@google.cn	1961/05/17	98	84
149	Reynold	Ludee	rludee44@hostgator.com	1956/07/01	239	51
150	Lon	Greenshields	lgreenshields45@nifty.com	1990/05/14	178	51
151	Darill	Rowet	drowet46@wordpress.org	1983/01/08	109	67
152	Marlo	Pymer	mpymer47@wp.com	1966/07/16	198	55
153	Cathi	Totton	ctotton48@ucla.edu	1989/03/02	218	75
154	Riordan	Nunes Nabarro	rnunesnabarro49@apple.com	1960/02/13	248	51
155	Carola	Putten	cputten4a@fda.gov	1959/11/15	169	64
156	Adrienne	Markova	amarkova4b@google.it	1999/04/10	116	59
157	Abram	Noye	anoye4c@sourceforge.net	1974/09/14	165	83
158	Carmita	Caslett	ccaslett4d@taobao.com	1946/03/10	130	51
159	Wilek	Voller	wvoller4e@elegantthemes.com	1945/05/23	231	62
160	Genovera	Darwood	gdarwood4f@google.it	1979/05/25	224	52
161	Jocelin	Slessor	jslessor4g@nydailynews.com	1941/04/10	92	81
162	Krisha	Ransome	kransome4h@tumblr.com	1943/09/16	142	68
163	Cory	Staines	cstaines4i@webeden.co.uk	1940/03/19	203	62
164	Giralda	Nuth	gnuth4j@ehow.com	1944/05/25	185	53
165	Ashby	Sottell	asottell4k@google.co.uk	1961/07/03	253	67
166	Michel	Bates	mbates4l@slashdot.org	1972/08/31	133	74
167	Bear	Starford	bstarford4m@blinklist.com	1977/03/03	179	68
168	Mata	Whicher	mwhicher4n@opera.com	1955/06/03	227	76
169	Tobias	Nelane	tnelane4o@irs.gov	1961/08/12	149	73
170	Liana	Branni	lbranni4p@globo.com	1984/10/24	239	71
171	Jordon	Lawfull	jlawfull4q@reference.com	1966/03/01	139	78
172	Staffard	Rockcliff	srockcliff4r@dagondesign.com	1993/06/10	180	52
173	Jillane	Woolf	jwoolf4s@amazon.co.jp	1986/11/19	179	53
174	Blondelle	Aliberti	baliberti4t@businessweek.com	1990/05/02	236	60
175	Midge	Normanvill	mnormanvill4u@businessweek.com	1978/12/18	192	81
176	Coreen	Jzhakov	cjzhakov4v@skyrock.com	1990/01/22	109	70
177	Sheilah	Notton	snotton4w@discuz.net	1978/03/07	120	78
178	Teddi	Batham	tbatham4x@networksolutions.com	1983/06/16	163	64
179	Marvin	Seamer	mseamer4y@about.com	1954/04/19	149	73
180	Marilyn	Valentin	mvalentin4z@virginia.edu	1999/01/01	140	78
181	Dalt	Parysiak	dparysiak50@pbs.org	1967/07/10	212	53
182	Wilfred	Vincent	wvincent51@amazon.co.jp	1996/09/26	164	67
183	Torry	Cunnow	tcunnow52@simplemachines.org	1974/09/06	139	58
184	Livia	Dukelow	ldukelow53@4shared.com	1992/08/13	183	74
185	Buddie	Sewell	bsewell54@chronoengine.com	1957/09/22	252	62
186	Ericha	Minshull	eminshull55@cyberchimps.com	1966/09/22	176	74
187	Karena	Gaffey	kgaffey56@cbsnews.com	1985/10/02	124	62
188	Goldy	Valasek	gvalasek57@hubpages.com	1959/09/20	212	78
189	Sheelah	Woodcroft	swoodcroft58@telegraph.co.uk	1945/02/01	232	66
190	Grange	Trimmell	gtrimmell59@behance.net	1984/08/22	225	76
191	Hort	Whitebrook	hwhitebrook5a@tinyurl.com	1945/06/14	93	74
192	Petey	Headland	pheadland5b@latimes.com	1982/07/17	231	65
193	Eustace	Carloni	ecarloni5c@mapquest.com	1995/04/25	197	77
194	Annette	Robson	arobson5d@apache.org	1988/05/21	125	72
195	Ofelia	Chazette	ochazette5e@dot.gov	1943/05/22	97	81
196	Zedekiah	Kunzler	zkunzler5f@spiegel.de	1971/07/29	102	50
197	Eloisa	Leverette	eleverette5g@marriott.com	1945/02/09	121	52
198	Nissy	Potteridge	npotteridge5h@webnode.com	1986/02/18	153	65
199	Caprice	Renshaw	crenshaw5i@vinaora.com	1963/10/16	196	82
200	Carena	Regan	cregan5j@bravesites.com	1945/10/24	244	72
201	Lonnie	Lunny	llunny5k@odnoklassniki.ru	1996/03/25	116	60
202	Sharon	Aristide	saristide5l@wikipedia.org	1989/09/12	199	72
203	Charo	McQuirter	cmcquirter5m@jimdo.com	1942/08/21	180	68
204	Marylee	Fearneley	mfearneley5n@cornell.edu	1989/08/07	104	67
205	Jennica	Crosthwaite	jcrosthwaite5o@hhs.gov	1968/03/09	157	73
206	Larisa	Cartmail	lcartmail5p@google.ru	1987/04/20	237	53
207	Hughie	Keningham	hkeningham5q@about.com	1976/01/01	257	82
208	Dolf	Knolles-Green	dknollesgreen5r@ihg.com	1977/05/19	166	50
209	Grete	Yakuntzov	gyakuntzov5s@cbslocal.com	1947/01/20	222	59
210	Hersch	Duddan	hduddan5t@hibu.com	1964/07/16	222	54
211	Josepha	Mattiato	jmattiato5u@tumblr.com	1985/01/19	95	56
212	Neel	Tetla	ntetla5v@wikispaces.com	1976/03/03	149	63
213	Swen	Maddin	smaddin5w@dion.ne.jp	1944/02/15	198	81
214	Ethelin	Drance	edrance5x@techcrunch.com	1959/11/09	206	52
215	Had	Landrick	hlandrick5y@163.com	1987/01/27	118	50
216	Carmine	Duggleby	cduggleby5z@ustream.tv	1989/07/20	249	53
217	Charmion	Duxbarry	cduxbarry60@sitemeter.com	1949/12/04	209	71
218	Anstice	Isles	aisles61@google.nl	1987/11/20	179	59
219	Orv	Simms	osimms62@ca.gov	1959/01/13	163	54
220	Jeffrey	Small	jsmall63@washington.edu	1944/12/29	168	66
221	Vivian	Jull	vjull64@blogtalkradio.com	1993/09/17	214	77
222	Tamiko	Antoniak	tantoniak65@youtu.be	1957/05/25	149	81
223	Reinold	Nashe	rnashe66@eepurl.com	1946/02/16	235	71
224	Brinna	Stannis	bstannis67@vinaora.com	1992/08/01	256	75
225	Renaldo	Gomersal	rgomersal68@reuters.com	1963/03/29	177	74
226	Lib	Moggan	lmoggan69@facebook.com	1942/05/18	192	66
227	Dasya	Jevons	djevons6a@creativecommons.org	1965/08/30	205	76
228	Prudence	Crimin	pcrimin6b@photobucket.com	1956/02/15	201	78
229	Lawry	Thame	lthame6c@acquirethisname.com	1965/06/11	253	52
230	Courtenay	Bearham	cbearham6d@devhub.com	1948/05/24	105	73
231	Wilbert	Irce	wirce6e@amazon.co.uk	1978/09/11	167	78
232	Killian	Fardell	kfardell6f@thetimes.co.uk	1979/04/22	109	77
233	Humberto	Strelitzer	hstrelitzer6g@slate.com	1987/12/24	154	83
234	Alessandro	Hammel	ahammel6h@eepurl.com	1977/01/06	103	58
235	Melina	Boyland	mboyland6i@lycos.com	1948/01/24	121	53
236	Tod	Birt	tbirt6j@craigslist.org	1947/11/16	206	81
237	Humbert	Emerton	hemerton6k@eepurl.com	1942/03/03	150	72
238	Aigneis	Manifold	amanifold6l@wikia.com	1994/09/30	102	81
239	Anstice	Fowgies	afowgies6m@ihg.com	1955/04/23	170	68
240	Bridie	Leborgne	bleborgne6n@arstechnica.com	1959/08/23	189	80
241	Vivyanne	Dumigan	vdumigan6o@aol.com	1973/10/26	141	79
242	Ephrem	Warbey	ewarbey6p@thetimes.co.uk	1991/10/08	177	72
243	Bertha	Toulson	btoulson6q@opensource.org	1989/08/13	137	80
244	Bambi	Kellock	bkellock6r@unc.edu	1988/11/27	205	60
245	Fancy	Tettley	ftettley6s@tumblr.com	1998/01/19	95	82
246	Hayden	Sandercock	hsandercock6t@thetimes.co.uk	1950/03/13	210	60
247	Renelle	Janota	rjanota6u@fastcompany.com	1961/08/25	163	76
248	Bradan	Edinborough	bedinborough6v@weibo.com	1961/08/10	122	71
249	Mia	Rousel	mrousel6w@sphinn.com	1979/06/22	182	59
250	Mimi	Treherne	mtreherne6x@devhub.com	1978/09/22	109	68
251	Laurie	Seres	lseres6y@1und1.de	1940/11/29	111	66
252	Hobard	Barbosa	hbarbosa6z@biblegateway.com	1980/01/11	193	80
253	Herve	Cars	hcars70@people.com.cn	1967/10/19	160	69
254	Betty	Heliar	bheliar71@earthlink.net	1992/02/21	125	63
255	Marlyn	Schukraft	mschukraft72@seesaa.net	1984/08/28	243	76
256	Nicholle	Nelligan	nnelligan73@phpbb.com	1984/06/27	109	84
257	Flora	Houltham	fhoultham74@mozilla.org	1978/06/27	189	69
258	Catherin	Viggers	cviggers75@symantec.com	1995/06/13	218	66
259	Jennie	Ganning	jganning76@wired.com	1984/05/23	110	57
260	Shanda	Abeles	sabeles77@ibm.com	1994/08/11	227	77
261	Antonio	McKleod	amckleod78@merriam-webster.com	1984/06/18	104	74
262	Louisette	Dive	ldive79@slideshare.net	1989/09/22	140	82
263	Konstantine	Croot	kcroot7a@live.com	1994/04/22	116	53
264	Ellwood	Riply	eriply7b@fastcompany.com	1989/01/23	206	61
265	Mindy	Harmar	mharmar7c@npr.org	1941/12/19	118	63
266	Ermengarde	Clarey	eclarey7d@npr.org	1989/01/17	168	65
267	Georgeanne	Challender	gchallender7e@youtube.com	1994/04/07	98	56
268	Brendis	Ibell	bibell7f@tripod.com	1967/05/01	180	55
269	Steffane	Rey	srey7g@archive.org	1975/04/09	115	83
270	Effie	Losebie	elosebie7h@addthis.com	1973/06/11	207	58
271	Pearle	Hefford	phefford7i@noaa.gov	1964/12/06	147	64
272	Dene	Iskov	diskov7j@moonfruit.com	1985/09/01	193	54
273	Staffard	Albasini	salbasini7k@scientificamerican.com	1969/07/17	137	78
274	Nicola	Philpott	nphilpott7l@ehow.com	1941/01/13	195	55
275	Rickey	Hackford	rhackford7m@storify.com	1962/10/08	121	65
276	Washington	Raise	wraise7n@blinklist.com	1974/03/08	249	83
277	Barnabas	Bidewell	bbidewell7o@abc.net.au	1999/10/25	122	69
278	Herold	Purry	hpurry7p@jalbum.net	1948/01/25	122	50
279	Gianna	Fry	gfry7q@odnoklassniki.ru	1979/04/09	196	61
280	Wally	Sallnow	wsallnow7r@qq.com	1981/02/25	90	56
281	Danette	Bonafacino	dbonafacino7s@stanford.edu	1957/02/27	228	79
282	Brad	Smallsman	bsmallsman7t@digg.com	1996/08/27	167	51
283	Janna	MacAvddy	jmacavddy7u@odnoklassniki.ru	1995/12/05	196	65
284	Tabatha	Roll	troll7v@google.com.hk	1942/03/15	162	56
285	Maisie	Hullbrook	mhullbrook7w@sciencedaily.com	1942/08/12	116	83
286	Dale	Maskall	dmaskall7x@rakuten.co.jp	1983/05/18	190	67
287	Lydie	Littrik	llittrik7y@pinterest.com	1946/11/29	206	51
288	Ximenez	Laker	xlaker7z@hp.com	1963/06/30	115	83
289	Archambault	Dikels	adikels80@storify.com	1991/07/18	242	70
290	Erl	Feathers	efeathers81@hc360.com	1940/10/30	90	62
291	Donovan	Cudby	dcudby82@domainmarket.com	1944/12/11	136	59
292	Niki	McMurrugh	nmcmurrugh83@house.gov	1987/09/02	164	76
293	Urson	Sifleet	usifleet84@biblegateway.com	1986/04/21	244	59
294	Nariko	Charlick	ncharlick85@vk.com	1963/02/08	154	78
295	Nestor	Grebert	ngrebert86@washingtonpost.com	1945/05/01	194	80
296	Mateo	Janak	mjanak87@blog.com	1967/09/04	97	77
297	Berton	Lune	blune88@51.la	1976/09/16	189	63
298	Eveline	Shemmans	eshemmans89@blinklist.com	1979/02/07	157	73
299	Murray	Mcsarry	mmcsarry8a@abc.net.au	1954/03/09	188	79
300	Randie	Menier	rmenier8b@eepurl.com	1952/12/16	252	64
301	Jobey	Tome	jtome8c@europa.eu	1983/09/17	190	61
302	Nicko	Champley	nchampley8d@psu.edu	1964/08/18	146	52
303	Doyle	Belleny	dbelleny8e@cyberchimps.com	1952/05/20	132	54
304	Daron	Bruntje	dbruntje8f@princeton.edu	1947/01/03	239	73
305	Florian	Ambrosch	fambrosch8g@eepurl.com	1988/12/12	180	84
306	Enrica	Kubalek	ekubalek8h@exblog.jp	1994/03/21	109	60
307	Marlow	Bondley	mbondley8i@sitemeter.com	1967/07/26	187	75
308	Misty	Carrigan	mcarrigan8j@phoca.cz	1962/09/26	230	63
309	Simonne	Gloves	sgloves8k@ehow.com	1949/05/09	164	63
310	Farleigh	Vint	fvint8l@xing.com	1982/01/01	238	60
311	Glyn	Di Giorgio	gdigiorgio8m@chronoengine.com	1960/06/19	236	73
312	Saxon	Angeau	sangeau8n@booking.com	1961/04/21	136	78
313	Joete	Yitzowitz	jyitzowitz8o@amazon.co.jp	1972/01/18	225	78
314	Kinna	Simakov	ksimakov8p@vimeo.com	1940/08/28	255	60
315	Cecilla	O'Sirin	cosirin8q@illinois.edu	1989/07/24	128	54
316	Orlan	O'Caine	oocaine8r@alibaba.com	1945/03/30	160	76
317	Morissa	Malec	mmalec8s@spiegel.de	1974/07/07	165	59
318	Melania	Douglas	mdouglas8t@sourceforge.net	1943/04/08	174	64
319	Xenia	Pountain	xpountain8u@facebook.com	1987/03/27	237	72
320	Orsola	Laity	olaity8v@rambler.ru	1995/03/14	180	83
321	Benjy	Lowy	blowy8w@washingtonpost.com	1991/08/15	165	77
322	Nehemiah	Wilson	nwilson8x@scribd.com	1956/11/30	230	64
323	Rory	Geach	rgeach8y@marriott.com	1993/05/29	157	63
324	Riki	Berge	rberge8z@i2i.jp	1947/01/31	153	51
325	Skip	Mammatt	smammatt90@bloglines.com	1995/09/19	187	60
326	Slade	Campbell	scampbell91@utexas.edu	1987/07/09	207	78
327	Webb	Barends	wbarends92@wsj.com	1992/10/03	131	68
328	Terri-jo	Jarry	tjarry93@berkeley.edu	1951/11/19	105	68
329	Lamar	Georghiou	lgeorghiou94@nyu.edu	1992/10/30	209	55
330	Marsha	Macilhench	mmacilhench95@princeton.edu	1972/02/03	112	75
331	Issi	Fossey	ifossey96@whitehouse.gov	1994/01/01	123	56
332	Paola	Blaber	pblaber97@google.ca	1991/08/31	168	65
333	Dorey	Thominga	dthominga98@is.gd	1953/07/23	179	52
334	Junie	Duddan	jduddan99@businessweek.com	1972/01/04	255	77
335	Donnie	Willson	dwillson9a@mac.com	1978/02/09	219	83
336	Murdoch	Dunniom	mdunniom9b@gravatar.com	1962/04/30	211	81
337	Bendicty	Netherclift	bnetherclift9c@java.com	1980/09/20	232	58
338	Layney	Cokly	lcokly9d@com.com	1960/05/05	108	83
339	Tressa	Hedon	thedon9e@google.es	1977/09/24	199	83
340	Andrew	Stiegar	astiegar9f@nba.com	1980/04/04	166	62
341	Morten	Touret	mtouret9g@liveinternet.ru	1983/08/07	115	56
342	Zorina	Dobbs	zdobbs9h@amazon.de	1958/10/30	209	74
343	Lanette	Strowlger	lstrowlger9i@yale.edu	1969/10/13	162	82
344	Vicky	Dumsday	vdumsday9j@hibu.com	1957/09/09	119	62
345	Michail	Ropking	mropking9k@fastcompany.com	1959/08/25	130	59
346	Elora	Wilder	ewilder9l@google.com.br	1979/08/11	208	84
347	Elka	Kenwood	ekenwood9m@e-recht24.de	1966/09/19	92	51
348	Kelsey	Fawloe	kfawloe9n@ocn.ne.jp	1995/04/04	134	62
349	Syman	Fawcett	sfawcett9o@sfgate.com	1966/11/24	197	54
350	Euell	Pidgeley	epidgeley9p@csmonitor.com	1988/12/23	151	70
351	Peterus	Malthouse	pmalthouse9q@tiny.cc	1996/07/24	129	51
352	Paco	Van Saltsberg	pvansaltsberg9r@forbes.com	1955/01/14	220	79
353	Isadora	Senescall	isenescall9s@yahoo.co.jp	1982/06/05	105	77
354	Ring	Vaune	rvaune9t@columbia.edu	1948/07/23	155	50
355	Dorian	Pohl	dpohl9u@prweb.com	1979/05/12	123	72
356	Stanly	Osgarby	sosgarby9v@craigslist.org	1953/05/25	240	70
357	Flinn	Cheltnam	fcheltnam9w@artisteer.com	1945/03/18	178	59
358	Annissa	Mitrikhin	amitrikhin9x@tiny.cc	1994/05/17	141	52
359	Devan	Garnham	dgarnham9y@seesaa.net	1952/02/22	94	83
360	Zorina	Gianiello	zgianiello9z@1und1.de	1958/04/05	217	58
361	Ophelia	Rau	oraua0@webs.com	1999/11/17	200	56
362	Jaymee	Blinerman	jblinermana1@simplemachines.org	1943/05/13	145	65
363	Freedman	Theodoris	ftheodorisa2@prlog.org	1966/04/24	115	52
364	Melvyn	Pagnin	mpagnina3@sbwire.com	1995/03/01	177	52
365	Lexis	Mayling	lmaylinga4@xinhuanet.com	1948/04/24	138	50
366	Gordon	Pinshon	gpinshona5@histats.com	1955/12/07	118	51
367	Lars	Kimpton	lkimptona6@google.ca	1984/04/02	203	50
368	Franklin	Spinke	fspinkea7@arstechnica.com	1969/06/01	154	57
369	Enos	Harfoot	eharfoota8@cornell.edu	1972/09/21	219	75
370	Brittani	Attlee	battleea9@home.pl	1951/10/06	162	79
371	Jocelyne	Sutton	jsuttonaa@alexa.com	1948/03/18	167	72
372	Sidonnie	Vlasenko	svlasenkoab@weebly.com	1994/09/13	234	67
373	Hussein	Wildish	hwildishac@ow.ly	1987/08/14	163	68
374	Margalit	Melpuss	mmelpussad@prlog.org	1945/10/03	154	52
375	Haley	Messingham	hmessinghamae@google.ca	1960/02/07	218	57
376	Deana	Wakeham	dwakehamaf@buzzfeed.com	1957/06/08	183	53
377	Lavina	Eldridge	leldridgeag@eepurl.com	1968/05/22	186	81
378	Floris	Crozier	fcrozierah@cmu.edu	1940/12/26	119	84
379	Sarene	Winchcomb	swinchcombai@symantec.com	1957/06/02	191	79
380	Laurene	McCroft	lmccroftaj@vistaprint.com	1962/07/27	105	73
381	Amandy	Glackin	aglackinak@cdc.gov	1956/06/16	146	82
382	Gilburt	Smiley	gsmileyal@economist.com	1946/06/16	220	69
383	Hunt	Brahm	hbrahmam@ibm.com	1978/08/14	182	63
384	Karrah	Yablsley	kyablsleyan@jiathis.com	1987/08/20	194	60
385	Saloma	Writer	swriterao@ucoz.ru	1966/08/26	200	82
386	Modestine	Cuss	mcussap@google.com.br	1947/01/03	114	59
387	Burl	Botterell	bbotterellaq@dedecms.com	1988/01/19	237	82
388	Shep	Shiel	sshielar@about.com	1972/12/22	148	56
389	Ellwood	Arnott	earnottas@ask.com	1994/06/14	171	54
390	Uriah	Ogelsby	uogelsbyat@yellowbook.com	1945/01/29	125	56
391	Fanni	Lanaway	flanawayau@jalbum.net	1985/07/07	122	84
392	Cacilie	Kivelhan	ckivelhanav@tumblr.com	1962/08/30	247	67
393	Grayce	Summons	gsummonsaw@exblog.jp	1985/12/05	215	83
394	Zechariah	Iczokvitz	ziczokvitzax@canalblog.com	1968/07/16	170	53
395	Franni	Pellamonuten	fpellamonutenay@apple.com	1989/08/26	110	69
396	Carlin	Asipenko	casipenkoaz@indiegogo.com	1961/12/14	138	69
397	Barton	Veracruysse	bveracruysseb0@prweb.com	1972/01/30	186	59
398	Jaimie	Piggens	jpiggensb1@imgur.com	1985/02/17	116	57
399	Charlie	Wetherby	cwetherbyb2@about.me	1986/11/02	158	83
400	Britney	O'Sharkey	bosharkeyb3@patch.com	1976/11/13	239	61
401	Base	Sevin	bsevinb4@pen.io	1985/05/19	96	64
402	Thaddus	Ivetts	tivettsb5@google.nl	1997/04/23	105	80
403	Lurleen	Troy	ltroyb6@biglobe.ne.jp	1943/06/05	132	71
404	Thacher	Brookes	tbrookesb7@bloglovin.com	1973/01/04	119	69
405	Pooh	Abson	pabsonb8@vimeo.com	1997/07/09	101	82
406	Dell	Machans	dmachansb9@google.de	1965/06/20	218	75
407	Cleopatra	Brockington	cbrockingtonba@yolasite.com	1974/12/24	169	76
408	Cynde	Comoletti	ccomolettibb@google.pl	1962/03/16	118	80
409	Glynda	Papworth	gpapworthbc@google.com	1963/09/03	211	64
410	Editha	Soonhouse	esoonhousebd@over-blog.com	1976/10/14	137	72
411	Renie	Antonias	rantoniasbe@t.co	1982/01/06	211	62
412	Bartlet	Lukas	blukasbf@devhub.com	1945/03/06	230	84
413	Demetris	Gillum	dgillumbg@ted.com	1978/04/03	176	53
414	Pearle	Sibthorpe	psibthorpebh@woothemes.com	1976/07/04	230	76
415	Lee	Blennerhassett	lblennerhassettbi@dot.gov	1980/10/30	119	77
416	Darryl	Cleverly	dcleverlybj@google.it	1947/12/30	242	76
417	Carmina	Dillestone	cdillestonebk@weibo.com	1947/12/12	110	81
418	Mattheus	Scane	mscanebl@abc.net.au	1978/02/16	145	83
419	Edee	Arro	earrobm@wordpress.com	1963/03/30	182	54
420	Woody	Haslin	whaslinbn@cloudflare.com	1994/02/28	122	83
421	Darlene	Elwin	delwinbo@artisteer.com	1944/10/27	218	75
422	Chauncey	Bracer	cbracerbp@weather.com	1996/05/26	115	61
423	Barney	Vanes	bvanesbq@youtu.be	1962/03/26	92	60
424	Robinson	Ranklin	rranklinbr@yellowpages.com	1962/12/24	193	63
425	Lissa	Chalcroft	lchalcroftbs@admin.ch	1965/08/11	156	61
426	Ninnette	Reyner	nreynerbt@yellowpages.com	1984/07/03	152	60
427	Naoma	Skelington	nskelingtonbu@dropbox.com	1959/01/05	231	71
428	Hammad	Aggas	haggasbv@imageshack.us	1941/07/09	234	53
429	Saloma	Reeds	sreedsbw@prlog.org	1963/09/12	175	62
430	Trevor	Kipling	tkiplingbx@businessweek.com	1996/02/16	133	74
431	Berkeley	Bravington	bbravingtonby@linkedin.com	1994/07/09	255	75
432	Angie	Croisier	acroisierbz@scribd.com	1945/09/04	151	58
433	Clotilda	Oldacres	coldacresc0@go.com	1949/09/22	232	78
434	Billy	Haining	bhainingc1@arstechnica.com	1957/06/02	239	56
435	Mic	Jime	mjimec2@ehow.com	1955/01/26	199	82
436	Tye	Thistleton	tthistletonc3@upenn.edu	1989/07/05	144	50
437	Goldie	Gorghetto	ggorghettoc4@oakley.com	1989/03/03	141	67
438	Gloria	Biddlestone	gbiddlestonec5@weather.com	1944/08/01	223	82
439	Micaela	Radbourn	mradbournc6@newsvine.com	1965/11/18	140	70
440	Gasparo	Chmiel	gchmielc7@e-recht24.de	1987/07/22	229	82
441	Gerrard	Snepp	gsneppc8@cisco.com	1997/08/20	94	68
442	Staford	Drei	sdreic9@flavors.me	1971/06/04	222	66
443	Bartholomeo	Quilter	bquilterca@stanford.edu	1946/01/10	156	81
444	Welsh	Doerffer	wdoerffercb@ucoz.ru	1948/01/23	145	77
445	Fianna	Hoyles	fhoylescc@house.gov	1963/07/14	166	70
446	Maribel	Todhunter	mtodhuntercd@about.me	1946/02/28	216	67
447	Hestia	Messam	hmessamce@washington.edu	1943/01/26	183	82
448	Kevon	Meach	kmeachcf@flickr.com	1985/03/16	187	81
449	Georgy	Blackmuir	gblackmuircg@toplist.cz	1951/01/22	156	72
450	Allx	Laban	alabanch@wix.com	1961/04/02	201	50
451	Ysabel	Michieli	ymichielici@sbwire.com	1967/06/26	112	81
452	Ivor	Badger	ibadgercj@google.co.uk	1974/12/06	101	60
453	Dniren	Cossans	dcossansck@java.com	1991/06/07	230	54
454	Lucienne	Coushe	lcoushecl@homestead.com	1979/07/17	152	52
455	Nadia	Marston	nmarstoncm@bizjournals.com	1977/11/10	194	54
456	Meg	Shakspeare	mshakspearecn@blogs.com	1977/10/30	100	79
457	Susie	Catlow	scatlowco@un.org	1989/08/26	144	76
458	Bevin	Gobbet	bgobbetcp@chronoengine.com	1965/06/12	148	51
459	Boris	Fridaye	bfridayecq@nhs.uk	1966/01/04	219	76
460	Crista	Wallbank	cwallbankcr@google.co.jp	1946/02/03	249	71
461	Cordie	Deny	cdenycs@dagondesign.com	1965/10/16	144	63
462	Grady	Muscroft	gmuscroftct@seesaa.net	1979/05/09	107	67
463	Lou	Farrand	lfarrandcu@gmpg.org	1983/01/29	97	78
464	Franky	Gatecliff	fgatecliffcv@goo.ne.jp	1946/05/14	171	59
465	Clementius	Kahler	ckahlercw@networksolutions.com	1967/06/22	106	77
466	Barnebas	Bourdice	bbourdicecx@merriam-webster.com	1990/12/04	250	84
467	Sebastiano	Bierman	sbiermancy@livejournal.com	1996/06/24	199	54
468	Hilarius	Chapellow	hchapellowcz@cbc.ca	1993/01/04	132	54
469	Dexter	Oleszkiewicz	doleszkiewiczd0@blogtalkradio.com	1944/03/19	221	76
470	Prissie	Gabriel	pgabrield1@skype.com	1973/07/02	239	66
471	Stephanie	O'Lehane	solehaned2@craigslist.org	1987/11/13	160	69
472	Kristy	Husset	khussetd3@ning.com	1988/11/09	184	53
473	Jonathan	Kellar	jkellard4@multiply.com	1947/11/03	188	53
474	Preston	Bartoleyn	pbartoleynd5@netvibes.com	1941/04/08	199	65
475	Georg	Gambell	ggambelld6@themeforest.net	1979/01/20	116	80
476	Jeanette	Alelsandrowicz	jalelsandrowiczd7@nih.gov	1958/12/25	98	81
477	Boycie	Jirieck	bjirieckd8@shinystat.com	1973/12/20	224	50
478	Yoko	Barby	ybarbyd9@hubpages.com	1965/08/11	98	73
479	Dominik	Tokell	dtokellda@typepad.com	1956/10/18	243	65
480	Cristian	Climo	cclimodb@bbb.org	1997/06/19	164	67
481	Matilda	Agus	magusdc@typepad.com	1945/10/15	170	74
482	Cesya	Pimlett	cpimlettdd@noaa.gov	1946/10/25	206	80
483	Vanessa	Grolle	vgrollede@fema.gov	1996/04/18	184	65
484	Eudora	Grimme	egrimmedf@angelfire.com	1951/11/02	132	54
485	Cyndy	Grindle	cgrindledg@weather.com	1964/07/22	204	79
486	Roderic	Mordie	rmordiedh@last.fm	1945/01/01	120	81
487	Alayne	Dieton	adietondi@abc.net.au	1962/04/02	130	58
488	Debby	Cregan	dcregandj@moonfruit.com	1965/06/24	159	57
489	Madella	Ghion	mghiondk@baidu.com	1978/09/14	256	81
490	Field	Garrick	fgarrickdl@alibaba.com	1948/12/14	182	61
491	Kristan	Kennelly	kkennellydm@phoca.cz	1999/03/09	187	60
492	Bentlee	Boole	bbooledn@tinypic.com	1966/02/26	167	53
493	Law	Di Napoli	ldinapolido@fema.gov	1985/02/24	238	81
494	Mariquilla	Greenig	mgreenigdp@blogspot.com	1961/01/07	139	64
495	Roxana	Melluish	rmelluishdq@chronoengine.com	1983/09/06	128	57
496	Fianna	Christoffe	fchristoffedr@un.org	1993/04/22	182	67
497	Sioux	Condie	scondieds@cargocollective.com	1964/04/10	159	58
498	Beverley	Bradforth	bbradforthdt@angelfire.com	1950/10/27	145	80
499	Gusella	Langmead	glangmeaddu@amazon.com	1940/07/20	183	66
500	Bennett	Cuddon	bcuddondv@diigo.com	1961/01/13	164	64
501	Serene	Deekes	sdeekesdw@uiuc.edu	1946/07/03	160	63
502	Eleanora	Savin	esavindx@google.co.uk	1949/10/26	187	51
503	Claudelle	Labden	clabdendy@arstechnica.com	1947/03/02	114	80
504	Mufi	Cundict	mcundictdz@cbsnews.com	1959/06/25	134	61
505	Devlin	Ipsley	dipsleye0@angelfire.com	1993/08/26	181	51
506	Laughton	O'Kane	lokanee1@homestead.com	1974/01/29	194	73
507	Mandi	Vashchenko	mvashchenkoe2@tamu.edu	1975/08/09	123	71
508	Eldredge	Geistmann	egeistmanne3@google.cn	1981/02/19	107	73
509	Lynn	Zeal	lzeale4@umich.edu	1963/12/02	163	81
510	Cly	Pay	cpaye5@jugem.jp	1961/05/24	244	65
511	Donni	Lage	dlagee6@home.pl	1993/12/07	128	58
512	Arv	Walsham	awalshame7@4shared.com	1978/10/04	124	66
513	Tallia	Whittington	twhittingtone8@fema.gov	1971/11/09	252	66
514	Stephanie	Gainfort	sgainforte9@apache.org	1996/05/23	196	76
515	Conn	Jeal	cjealea@microsoft.com	1988/04/10	194	81
516	Rhiamon	Spuffard	rspuffardeb@4shared.com	1993/07/26	161	76
517	Devy	Wakenshaw	dwakenshawec@latimes.com	1964/07/16	223	70
518	Giffie	Mattack	gmattacked@cmu.edu	1983/06/01	106	69
519	Zsa zsa	Laherty	zlahertyee@va.gov	1984/12/14	143	56
520	Luisa	Lagneaux	llagneauxef@domainmarket.com	1942/04/18	179	58
521	Beau	Haill	bhailleg@gnu.org	1948/02/22	202	84
522	Cherise	Georgot	cgeorgoteh@tuttocitta.it	1994/06/07	210	82
523	Alayne	di Rocca	adiroccaei@qq.com	1962/12/04	165	68
524	Denyse	Charlon	dcharlonej@google.nl	1968/10/21	146	84
525	Murial	Sains	msainsek@dailymail.co.uk	1961/08/05	194	63
526	Janice	Hull	jhullel@hubpages.com	1967/03/02	114	83
527	Amalea	Peacock	apeacockem@xinhuanet.com	1967/02/17	189	52
528	Bren	Cornbell	bcornbellen@nih.gov	1940/06/13	242	53
529	Shep	Eloi	seloieo@1und1.de	1977/04/26	152	61
530	Caressa	Loines	cloinesep@google.fr	1953/04/30	146	69
531	Clarance	Pothbury	cpothburyeq@w3.org	1977/07/04	120	55
532	Bonnie	Traut	btrauter@bloglines.com	1953/04/04	176	83
533	Tracy	Kennifick	tkennifickes@google.pl	1951/12/31	173	61
534	Dela	Frost	dfrostet@unc.edu	1945/08/05	118	73
535	Othella	Eyrl	oeyrleu@purevolume.com	1996/11/11	203	74
536	Kipper	Atger	katgerev@alexa.com	1999/02/25	148	73
537	Rey	Babonau	rbabonauew@newsvine.com	1992/02/14	202	75
538	Aura	Lamble	alambleex@cornell.edu	1954/03/15	158	63
539	Udall	Lowy	ulowyey@parallels.com	1966/10/06	239	58
540	Marlee	Heningam	mheningamez@hexun.com	1998/09/30	206	63
541	Ezri	Rowler	erowlerf0@utexas.edu	1951/02/22	233	80
542	Barnett	Warriner	bwarrinerf1@last.fm	1947/12/21	155	53
543	Aurel	Waddingham	awaddinghamf2@vimeo.com	1973/04/14	173	68
544	Reider	People	rpeoplef3@google.ca	1958/07/08	104	64
545	Candis	Janicijevic	cjanicijevicf4@loc.gov	1968/12/02	103	67
546	Edouard	Manicomb	emanicombf5@sfgate.com	1997/01/28	94	66
547	Augustine	Arndt	aarndtf6@stumbleupon.com	1993/04/15	211	52
548	Aubrie	Lye	alyef7@dropbox.com	1993/12/28	187	62
549	Jory	Slocom	jslocomf8@wp.com	1989/11/27	257	56
550	Tan	Olivia	toliviaf9@sbwire.com	1979/04/24	157	50
551	Fredi	Bareham	fbarehamfa@ucla.edu	1966/03/29	176	70
552	Errick	Dominetti	edominettifb@abc.net.au	1940/05/12	247	65
553	Elihu	Klimp	eklimpfc@berkeley.edu	1952/12/10	151	74
554	Renelle	Yearsley	ryearsleyfd@chron.com	1959/05/09	153	75
555	Ambur	Dri	adrife@sohu.com	1949/11/27	207	51
556	Corella	Stuchbury	cstuchburyff@wordpress.com	1984/07/15	243	77
557	Penny	Townsley	ptownsleyfg@dot.gov	1997/02/10	127	76
558	Homerus	Peotz	hpeotzfh@elegantthemes.com	1984/06/22	183	72
559	Therese	Beric	tbericfi@disqus.com	1946/04/02	125	83
560	Garret	Cornish	gcornishfj@w3.org	1991/08/06	107	71
561	Elliot	Catlin	ecatlinfk@skype.com	1951/01/29	171	57
562	Marijn	Juniper	mjuniperfl@epa.gov	1944/04/05	94	77
563	Henryetta	Keighley	hkeighleyfm@hatena.ne.jp	1948/02/02	186	84
564	Kalila	Forsdyke	kforsdykefn@ucla.edu	1999/12/28	134	58
565	Gregory	Taw	gtawfo@tripod.com	1971/06/30	181	62
566	Chester	Bertome	cbertomefp@bbc.co.uk	1963/08/11	213	56
567	Cirillo	Kennagh	ckennaghfq@histats.com	1985/09/29	142	62
568	Rickey	McPheat	rmcpheatfr@google.ca	1945/08/31	195	70
569	Lazare	Shevlane	lshevlanefs@shop-pro.jp	1985/03/05	189	60
570	Cody	Gilcriest	cgilcriestft@technorati.com	1976/10/28	105	78
571	Carin	Berthot	cberthotfu@newyorker.com	1980/08/16	138	56
572	Retha	Lingard	rlingardfv@cyberchimps.com	1945/09/21	224	60
573	Cassandra	Ambage	cambagefw@ca.gov	1940/10/25	138	80
574	Lemuel	Rakes	lrakesfx@geocities.jp	1941/07/07	234	51
575	Ethan	Tinniswood	etinniswoodfy@dyndns.org	1955/10/31	201	58
576	Zebedee	Forte	zfortefz@marriott.com	1964/09/23	251	61
577	Philipa	Akaster	pakasterg0@hud.gov	1950/09/03	224	56
578	Eydie	Sevin	eseving1@naver.com	1972/05/03	185	73
579	Gerardo	Woodier	gwoodierg2@sogou.com	1962/03/20	246	70
580	Abram	Ubank	aubankg3@comsenz.com	1964/01/24	122	72
581	Daisi	Posner	dposnerg4@ucla.edu	1963/06/26	213	67
582	Reuven	Ruzek	rruzekg5@furl.net	1999/08/30	123	80
583	Iolande	Casarini	icasarinig6@theatlantic.com	1957/12/31	142	57
584	Tybalt	Sotworth	tsotworthg7@psu.edu	1940/10/01	145	78
585	Spike	Forsdyke	sforsdykeg8@odnoklassniki.ru	1980/10/08	103	69
586	Tad	Piesing	tpiesingg9@ehow.com	1950/12/15	195	66
587	Hubert	Orteau	horteauga@latimes.com	1977/11/03	181	50
588	Rani	Bonavia	rbonaviagb@simplemachines.org	1969/09/13	252	56
589	Pete	Woolfitt	pwoolfittgc@sun.com	1978/01/30	251	52
590	Jessy	Heigho	jheighogd@amazon.com	1993/01/13	116	50
591	Conrad	Oxbe	coxbege@hud.gov	1975/03/02	184	84
592	Addy	Murley	amurleygf@xrea.com	1977/07/25	159	83
593	Illa	Barkley	ibarkleygg@archive.org	1988/11/26	210	52
594	Eydie	Maryska	emaryskagh@fastcompany.com	1957/04/12	149	72
595	Bobbye	Cattermull	bcattermullgi@reverbnation.com	1968/05/18	121	66
596	April	Ionnidis	aionnidisgj@squidoo.com	1941/05/19	230	61
597	Estrellita	Maskall	emaskallgk@narod.ru	1973/10/29	162	71
598	Natalee	Lifsey	nlifseygl@abc.net.au	1963/02/28	100	68
599	Sauveur	Northwood	snorthwoodgm@163.com	1986/10/28	103	82
600	Vincenz	Foottit	vfoottitgn@google.ca	1950/08/25	165	58
601	Wildon	Pirrie	wpirriego@census.gov	1985/06/30	129	56
602	Melba	Kerrane	mkerranegp@dmoz.org	1957/11/17	188	60
603	Kare	Veart	kveartgq@wordpress.org	1987/12/05	241	54
604	Yves	Lukins	ylukinsgr@ox.ac.uk	1965/07/09	102	74
605	Sonny	Windrus	swindrusgs@amazon.com	1971/01/31	106	79
606	Daphene	Gledhill	dgledhillgt@weibo.com	1958/11/01	210	78
607	Cristi	Baddow	cbaddowgu@sourceforge.net	1995/09/12	242	50
608	Fremont	Jarvis	fjarvisgv@furl.net	1947/03/23	101	55
609	Odetta	Gibard	ogibardgw@nifty.com	1972/06/07	94	73
610	Stanislas	Flook	sflookgx@uiuc.edu	1964/06/14	206	76
611	Joli	Emmert	jemmertgy@zdnet.com	1954/09/17	229	53
612	Ekaterina	Iacomelli	eiacomelligz@miitbeian.gov.cn	1974/03/23	128	52
613	Bernadette	Cyster	bcysterh0@behance.net	1960/07/15	229	82
614	Lisette	Ruddock	lruddockh1@fotki.com	1942/05/27	243	58
615	Maire	Atwel	matwelh2@un.org	1991/09/15	243	59
616	Tedda	Marmon	tmarmonh3@wordpress.com	1959/04/06	188	50
617	Shurwood	Kesley	skesleyh4@ebay.com	1977/01/06	148	64
618	Emmie	Pitway	epitwayh5@wix.com	1997/06/15	108	60
619	Fidelia	Culley	fculleyh6@freewebs.com	1977/12/31	178	72
620	Riccardo	Brand	rbrandh7@ihg.com	1952/07/14	149	67
621	Eamon	Kasper	ekasperh8@sfgate.com	1969/08/19	175	53
622	Francene	Beddoes	fbeddoesh9@bbc.co.uk	1999/08/04	239	84
623	Dorette	Pien	dpienha@unc.edu	1995/02/01	254	54
624	Wallie	Cheek	wcheekhb@sfgate.com	1984/07/23	103	69
625	Tuckie	Rutt	trutthc@army.mil	1956/10/16	121	78
626	Karole	Wilkisson	kwilkissonhd@apple.com	1958/08/02	204	61
627	Chris	Leggatt	cleggatthe@bbb.org	1988/05/12	90	71
628	Linn	Klaff	lklaffhf@npr.org	1984/02/06	225	74
629	Aurie	Alliot	aalliothg@stumbleupon.com	1962/07/10	93	73
630	Neda	Reeman	nreemanhh@wordpress.org	1990/07/10	190	65
631	Ellene	Horrod	ehorrodhi@wiley.com	1996/10/29	235	84
632	Philly	Brackenbury	pbrackenburyhj@domainmarket.com	1950/05/13	238	82
633	Trefor	Dessent	tdessenthk@cdc.gov	1970/02/11	191	56
634	Nicolas	Sabater	nsabaterhl@timesonline.co.uk	1956/04/01	226	75
635	Virgilio	Duham	vduhamhm@google.com.au	1976/09/02	156	70
636	Barbette	Scarsbrick	bscarsbrickhn@ning.com	1954/07/22	215	57
637	Glennis	Di Bartolommeo	gdibartolommeoho@sun.com	1952/04/30	177	65
638	Netti	Lytell	nlytellhp@buzzfeed.com	1962/11/27	238	55
639	Lazarus	Webb-Bowen	lwebbbowenhq@ibm.com	1998/11/09	245	74
640	Rollins	Toovey	rtooveyhr@google.fr	1941/12/27	252	67
641	Janenna	Elliff	jelliffhs@netvibes.com	1950/04/14	167	84
642	Vivian	Iban	vibanht@columbia.edu	1940/06/13	159	72
643	Paddy	Daout	pdaouthu@csmonitor.com	1948/06/06	126	62
644	Sergio	Livard	slivardhv@t.co	1973/11/19	212	78
645	Sullivan	Parlott	sparlotthw@wikipedia.org	1982/11/20	224	66
646	Cherianne	Meekin	cmeekinhx@imageshack.us	1958/07/13	204	51
647	Cord	Frazer	cfrazerhy@homestead.com	1987/02/22	134	53
648	Brnaby	Jarad	bjaradhz@noaa.gov	1945/01/05	184	71
649	Syman	Bodechon	sbodechoni0@cnbc.com	1987/08/07	248	68
650	Barnett	Bruyntjes	bbruyntjesi1@prlog.org	1966/04/16	202	74
651	Syd	Burchard	sburchardi2@ucoz.com	1990/04/03	154	59
652	Elissa	Townby	etownbyi3@huffingtonpost.com	1964/06/24	217	50
653	Bentley	Langwade	blangwadei4@epa.gov	1997/03/09	91	75
654	Staford	Anear	saneari5@is.gd	1973/08/26	220	51
655	Pearla	Burnip	pburnipi6@sina.com.cn	1951/06/18	112	73
656	Alwyn	Kerbey	akerbeyi7@scribd.com	1979/09/19	130	83
657	Bunny	Skayman	bskaymani8@ed.gov	1988/10/04	212	68
658	Hilary	Stife	hstifei9@sun.com	1949/11/14	213	81
659	Verina	Klos	vklosia@desdev.cn	1993/04/21	130	53
660	Viole	Eunson	veunsonib@chron.com	1946/04/14	151	60
661	Alwyn	Cusick	acusickic@latimes.com	1989/10/22	186	55
662	Devin	Fendley	dfendleyid@t.co	1967/04/14	97	53
663	Victoir	Hatwells	vhatwellsie@nature.com	1994/10/12	229	65
664	Querida	Meader	qmeaderif@google.ca	1969/10/02	144	71
665	Amory	Mottinelli	amottinelliig@cargocollective.com	1945/07/01	229	57
666	Ulberto	Huskinson	uhuskinsonih@eventbrite.com	1979/07/12	178	73
667	Rosco	Impleton	rimpletonii@ox.ac.uk	1954/11/16	170	74
668	Kevyn	Asipenko	kasipenkoij@desdev.cn	1980/06/05	106	73
669	Emogene	Reavey	ereaveyik@typepad.com	1955/04/19	221	76
670	Nickola	Hasnip	nhasnipil@stumbleupon.com	1945/03/04	199	63
671	Ralina	Stiles	rstilesim@foxnews.com	1980/06/10	165	60
672	Shelagh	Wilmot	swilmotin@bing.com	1984/03/12	145	58
673	Rennie	Dillinton	rdillintonio@reddit.com	1999/01/07	167	76
674	Sylvia	Bedell	sbedellip@walmart.com	1988/04/07	180	53
675	Tripp	Rubbens	trubbensiq@merriam-webster.com	1982/03/25	210	52
676	Sinclair	Wenman	swenmanir@joomla.org	1950/11/24	256	64
677	Minette	Cardenosa	mcardenosais@ebay.com	1958/10/20	96	84
678	Deana	Groom	dgroomit@amazon.co.uk	1988/06/14	254	77
679	Chrystel	Tyrie	ctyrieiu@dagondesign.com	1967/09/16	152	57
680	Ransell	Annott	rannottiv@nytimes.com	1980/12/18	117	57
681	Carry	Inchboard	cinchboardiw@hexun.com	1948/03/26	178	79
682	Carolin	Bellini	cbelliniix@cnn.com	1940/02/06	135	56
683	Carolin	Dowe	cdoweiy@feedburner.com	1963/01/07	142	80
684	Patti	Sutehall	psutehalliz@amazon.co.jp	1984/11/20	154	54
685	Efren	Botterman	ebottermanj0@nydailynews.com	1950/05/03	216	54
686	Tammie	Redman	tredmanj1@mail.ru	1957/09/09	178	52
687	Astra	Jorissen	ajorissenj2@eventbrite.com	1993/12/05	202	67
688	Mohandis	Turpin	mturpinj3@example.com	1971/10/31	153	66
689	Hartwell	Matthiae	hmatthiaej4@hubpages.com	1985/07/01	103	54
690	Lombard	Van der Kruys	lvanderkruysj5@economist.com	1945/10/01	189	82
691	Gard	Carragher	gcarragherj6@simplemachines.org	1942/09/22	247	72
692	Frances	Romaine	fromainej7@hostgator.com	1959/04/19	206	72
693	Shamus	Claibourn	sclaibournj8@clickbank.net	1982/09/30	113	57
694	Katina	Eastby	keastbyj9@ca.gov	1954/11/28	161	83
695	Selia	Addicott	saddicottja@google.pl	1946/05/22	202	84
696	Jeth	Biesinger	jbiesingerjb@usgs.gov	1974/10/12	124	66
697	Bethina	Thurlbourne	bthurlbournejc@unicef.org	1951/12/22	160	63
698	Casey	Pickersgill	cpickersgilljd@amazon.de	1950/04/12	99	65
699	Ingaborg	Brussels	ibrusselsje@npr.org	1963/01/04	162	67
700	Lorin	Drynan	ldrynanjf@yellowpages.com	1983/02/13	236	77
701	Jobyna	Marklow	jmarklowjg@oaic.gov.au	1995/11/18	176	83
702	Flory	Jannaway	fjannawayjh@moonfruit.com	1971/11/28	247	53
703	Ingeborg	Gronous	igronousji@bloglines.com	1951/11/22	103	68
704	Meredeth	Gatling	mgatlingjj@mit.edu	1985/03/18	132	73
705	Ranna	Jorry	rjorryjk@arstechnica.com	1966/01/08	124	75
706	Vanya	Lynnitt	vlynnittjl@fastcompany.com	1991/08/23	234	59
707	Tod	Lush	tlushjm@angelfire.com	1965/09/05	112	69
708	Fitzgerald	Tabard	ftabardjn@nature.com	1950/03/24	133	78
709	Thomas	Baggally	tbaggallyjo@blog.com	1961/10/29	220	55
710	Melly	Fritzer	mfritzerjp@squidoo.com	1997/06/25	179	69
711	Ag	Ickowics	aickowicsjq@msu.edu	1943/05/19	106	77
712	Stafani	Veasey	sveaseyjr@sphinn.com	1972/04/16	198	51
713	Gerti	Niccols	gniccolsjs@dmoz.org	1965/02/12	130	58
714	Robbie	de Clerq	rdeclerqjt@devhub.com	1957/03/16	209	50
715	Carin	Strover	cstroverju@fema.gov	1977/09/26	108	83
716	Kalindi	Kelmere	kkelmerejv@surveymonkey.com	1961/10/31	156	69
717	Darcy	Dalston	ddalstonjw@storify.com	1963/12/29	200	80
718	Dixie	Perris	dperrisjx@ameblo.jp	1987/02/28	244	53
719	Marie-ann	Mauchline	mmauchlinejy@icq.com	1960/11/15	216	75
720	Orella	Galliford	ogallifordjz@com.com	1983/01/28	134	66
721	Penrod	Bargery	pbargeryk0@thetimes.co.uk	1965/03/22	186	77
722	Paulo	Sands-Allan	psandsallank1@pagesperso-orange.fr	1978/07/16	208	60
723	Sissy	Le Breton De La Vieuville	slebretondelavieuvillek2@privacy.gov.au	1964/12/24	102	51
724	Hobey	Dabell	hdabellk3@newyorker.com	1996/09/01	120	61
725	Brunhilda	O'Keefe	bokeefek4@narod.ru	1972/05/26	128	80
726	Thaddeus	Cuthbert	tcuthbertk5@senate.gov	1985/01/05	151	62
727	Ravid	Sealove	rsealovek6@geocities.com	1971/08/15	224	78
728	Yolanthe	Danjoie	ydanjoiek7@ustream.tv	1962/04/05	216	61
729	Eimile	Nast	enastk8@state.tx.us	1947/05/23	233	59
730	Corry	Goodluck	cgoodluckk9@alexa.com	1948/04/23	96	69
731	Teddie	Borell	tborellka@house.gov	1996/08/17	117	80
732	Brice	Hasell	bhasellkb@hc360.com	1953/05/18	252	61
733	Emmanuel	Stebles	estebleskc@hud.gov	1962/01/28	126	77
734	Farrel	Death	fdeathkd@kickstarter.com	1978/03/10	167	72
735	Thea	Hendricks	thendrickske@mayoclinic.com	1957/02/15	217	65
736	Mariejeanne	Stidever	mstideverkf@yellowpages.com	1987/07/05	104	50
737	Melicent	Learmond	mlearmondkg@cloudflare.com	1950/06/13	198	81
738	Karisa	Postance	kpostancekh@narod.ru	1993/04/14	196	75
739	Melosa	Burwood	mburwoodki@over-blog.com	1961/07/09	147	70
740	Nanon	Scrogges	nscroggeskj@archive.org	1952/10/16	173	73
741	Kin	Welburn	kwelburnkk@slideshare.net	1972/08/17	223	63
742	Levin	McMichael	lmcmichaelkl@webmd.com	1993/05/03	210	73
743	Alica	Lundberg	alundbergkm@yellowpages.com	1967/01/01	240	50
744	Codie	Sole	csolekn@weather.com	1993/12/10	215	60
745	Maighdiln	Tewelson	mtewelsonko@altervista.org	1995/01/29	245	68
746	Arnuad	Becraft	abecraftkp@google.cn	1971/11/08	227	55
747	Nerta	Dive	ndivekq@washington.edu	1961/09/15	182	68
748	Myrilla	McCrie	mmccriekr@sakura.ne.jp	1993/03/28	109	75
749	Jarrod	Gladyer	jgladyerks@pagesperso-orange.fr	1996/09/18	171	63
750	Courtnay	Raitie	craitiekt@google.fr	1944/12/23	167	51
751	Fritz	Iacopini	fiacopiniku@timesonline.co.uk	1973/12/30	245	63
752	Ethyl	McTiernan	emctiernankv@cmu.edu	1967/06/27	218	71
753	Rickard	Cords	rcordskw@mozilla.com	1952/06/01	139	83
754	Megan	Abbs	mabbskx@google.de	1959/02/04	145	78
755	Claudell	Sturges	csturgesky@npr.org	1959/12/21	125	77
756	Marc	Ogles	mogleskz@dyndns.org	1982/07/11	127	69
757	Ricki	Espino	respinol0@simplemachines.org	1988/03/26	224	71
758	Faulkner	Jellico	fjellicol1@php.net	1971/12/31	229	70
759	Jayme	Barthropp	jbarthroppl2@va.gov	1973/05/31	110	81
760	Winifield	Redborn	wredbornl3@weather.com	1987/07/22	150	69
761	Ilse	Jiroutek	ijiroutekl4@forbes.com	1953/03/02	250	76
762	Tammy	Lorinez	tlorinezl5@yelp.com	1975/07/15	162	83
763	Estevan	Muncer	emuncerl6@mozilla.org	1944/02/22	214	56
764	Xavier	Phipson	xphipsonl7@ucla.edu	1987/01/18	114	52
765	Fannie	Flaverty	fflavertyl8@thetimes.co.uk	1962/10/07	250	57
766	Jeanine	Sumner	jsumnerl9@fotki.com	1959/06/06	137	60
767	Harv	Plaide	hplaidela@baidu.com	1975/04/09	207	66
768	Dionysus	Reolfo	dreolfolb@pinterest.com	1974/01/02	189	71
769	Ray	Screech	rscreechlc@senate.gov	1956/01/05	164	84
770	Timothea	Kill	tkillld@biglobe.ne.jp	1956/10/22	221	64
771	Marleah	Wooland	mwoolandle@loc.gov	1999/03/31	109	84
772	Hyatt	Luthwood	hluthwoodlf@uiuc.edu	1954/07/07	200	69
773	Jesse	Maccaig	jmaccaiglg@livejournal.com	1993/02/19	217	67
774	Daniele	Sanper	dsanperlh@virginia.edu	1950/07/31	132	83
775	Nessie	Eschalette	neschaletteli@washington.edu	1981/10/22	230	78
776	Niki	Towriss	ntowrisslj@disqus.com	1950/04/04	116	54
777	Abby	Dickinson	adickinsonlk@last.fm	1982/08/06	97	72
778	Timothea	Wilcox	twilcoxll@macromedia.com	1943/10/11	190	65
779	Thane	Hilland	thillandlm@earthlink.net	1983/09/30	225	58
780	Fredi	Haskey	fhaskeyln@prlog.org	1962/08/15	118	58
781	Almeda	Pither	apitherlo@ucla.edu	1942/08/06	101	55
782	Delila	Cecere	dcecerelp@jimdo.com	1978/05/09	215	57
783	Nealy	Titheridge	ntitheridgelq@ning.com	1966/01/09	103	84
784	Reggie	Joannidi	rjoannidilr@godaddy.com	1962/04/15	219	61
785	Waldemar	Goodrum	wgoodrumls@themeforest.net	1956/12/25	192	50
786	Manuel	Daggett	mdaggettlt@fda.gov	1983/09/03	114	67
787	Jacquelynn	Blader	jbladerlu@altervista.org	1952/04/18	104	80
788	Brigitta	Sherbourne	bsherbournelv@ycombinator.com	1971/03/04	235	66
789	Beatrice	Pates	bpateslw@springer.com	1941/08/03	106	71
790	Gare	Lintott	glintottlx@bandcamp.com	1980/11/05	244	59
791	Chris	McGairl	cmcgairlly@scribd.com	1983/02/11	180	81
792	Loleta	Werendell	lwerendelllz@omniture.com	1973/04/09	173	54
793	Alberik	Primett	aprimettm0@reverbnation.com	1960/08/23	221	62
794	Bartholomew	Tureville	bturevillem1@apple.com	1986/06/23	190	81
795	Karel	Dreger	kdregerm2@diigo.com	1953/11/01	211	66
796	Eleanore	Ewens	eewensm3@xrea.com	1985/07/17	126	57
797	Berti	Daile	bdailem4@economist.com	1971/12/26	219	62
798	Brenda	Weale	bwealem5@nhs.uk	1951/10/11	93	65
799	Bertram	Beckinsale	bbeckinsalem6@nationalgeographic.com	1992/09/25	121	74
800	Xenos	Jeffcoat	xjeffcoatm7@google.cn	1978/07/11	177	53
801	Leonerd	Kedie	lkediem8@umn.edu	1991/06/09	150	83
802	Lucio	Server	lserverm9@timesonline.co.uk	1987/12/17	222	51
803	Lurette	Preece	lpreecema@soup.io	1995/02/01	135	52
804	Marni	Tinkler	mtinklermb@gov.uk	1945/09/24	221	56
805	Jamaal	Argontt	jargonttmc@globo.com	1994/08/21	224	81
806	Ardenia	Ovitts	aovittsmd@bigcartel.com	1977/09/07	103	52
807	Jock	Valenta	jvalentame@time.com	1942/09/05	247	78
808	Ellette	Seddon	eseddonmf@goodreads.com	1972/03/27	190	76
809	Timothea	Qualtro	tqualtromg@blogs.com	1959/06/12	119	51
810	Damien	Dorken	ddorkenmh@mashable.com	1991/10/30	227	76
811	Clareta	Peron	cperonmi@cloudflare.com	1945/12/28	241	63
812	Eveline	Birtwisle	ebirtwislemj@cpanel.net	1977/10/19	143	59
813	Veronica	Cumber	vcumbermk@independent.co.uk	1949/01/10	103	51
814	Collen	Androsik	candrosikml@wunderground.com	1957/07/27	104	83
815	Andie	Aleksandrev	aaleksandrevmm@cloudflare.com	1996/08/29	161	57
816	Antonin	Silmon	asilmonmn@home.pl	1986/12/08	128	54
817	Julianne	Hartly	jhartlymo@sciencedirect.com	1983/12/14	239	62
818	Stanwood	Klishin	sklishinmp@acquirethisname.com	1944/01/12	123	55
819	Tarra	Coule	tcoulemq@nba.com	1972/10/31	248	58
820	Lilia	Sugg	lsuggmr@purevolume.com	1983/12/14	119	64
821	Margaret	Burnhill	mburnhillms@skyrock.com	1979/03/03	94	64
822	Joanie	Hayesman	jhayesmanmt@google.es	1971/08/20	147	75
823	Madelon	Espada	mespadamu@ebay.co.uk	1982/11/13	253	70
824	Trix	Tumelty	ttumeltymv@wired.com	1976/12/22	239	70
825	Corri	Cloke	cclokemw@opensource.org	1980/04/12	204	81
826	Elnore	Andrys	eandrysmx@live.com	1962/02/13	120	84
827	Penelopa	Goacher	pgoachermy@tuttocitta.it	1968/01/15	115	54
828	Hadrian	Dignan	hdignanmz@tamu.edu	1940/09/13	202	79
829	Teri	Sworn	tswornn0@intel.com	1947/07/14	187	72
830	Xenia	Goldson	xgoldsonn1@comsenz.com	1960/09/25	184	82
831	Chaddy	Stubbings	cstubbingsn2@ask.com	1969/03/30	225	82
832	Dalston	Demaid	ddemaidn3@salon.com	1977/07/09	246	67
833	Bride	Teasdale	bteasdalen4@icq.com	1994/04/17	138	64
834	Conn	Grzelak	cgrzelakn5@scribd.com	1944/04/06	159	54
835	Fianna	de Vaen	fdevaenn6@paypal.com	1966/09/06	192	53
836	Zed	Troop	ztroopn7@list-manage.com	1969/07/20	158	75
837	Dermot	Parysiak	dparysiakn8@example.com	1947/12/09	162	73
838	Mallissa	Unwins	munwinsn9@cbslocal.com	1966/05/07	112	69
839	Artair	Emerson	aemersonna@arstechnica.com	1964/05/19	104	57
840	Magdaia	Naptin	mnaptinnb@posterous.com	1982/12/08	98	77
841	Earl	Allsupp	eallsuppnc@hao123.com	1993/09/03	135	58
842	Obadiah	McKeevers	omckeeversnd@tripod.com	1950/07/15	180	56
843	Jone	Cawdron	jcawdronne@npr.org	1992/05/17	207	71
844	Row	Cheevers	rcheeversnf@intel.com	1954/03/08	116	60
845	Hollis	Presidey	hpresideyng@blogs.com	1944/04/15	230	73
846	Olly	Chambers	ochambersnh@washingtonpost.com	1969/06/01	161	80
847	Doll	Findlater	dfindlaterni@nasa.gov	1978/11/19	133	56
848	Ramsey	Redfearn	rredfearnnj@free.fr	1985/05/10	120	81
849	Yard	Giacubo	ygiacubonk@cam.ac.uk	1963/03/02	168	56
850	Loni	Extil	lextilnl@ezinearticles.com	1997/02/16	177	58
851	Courtenay	Osgorby	cosgorbynm@vimeo.com	1998/01/30	239	64
852	Seamus	Moneti	smonetinn@hexun.com	1976/08/18	156	81
853	Kain	Groves	kgrovesno@noaa.gov	1946/03/20	201	64
854	Collette	Bergstrand	cbergstrandnp@shutterfly.com	1991/08/20	143	51
855	Abigail	Kiddell	akiddellnq@archive.org	1985/01/16	98	76
856	Hattie	Malafe	hmalafenr@marketwatch.com	1955/01/17	112	75
857	Jobye	Ruspine	jruspinens@tripod.com	1991/06/05	117	57
858	Reade	Valentinuzzi	rvalentinuzzint@trellian.com	1957/03/17	185	79
859	Richard	Pinniger	rpinnigernu@wufoo.com	1987/07/23	117	80
860	Liza	McRinn	lmcrinnnv@behance.net	1964/05/27	114	84
861	Fidelity	Stapforth	fstapforthnw@printfriendly.com	1960/04/17	117	78
862	Kandace	Hassent	khassentnx@flickr.com	1974/05/20	163	65
863	Sabine	Bockett	sbockettny@wordpress.com	1948/10/13	181	84
864	Agace	Hirtz	ahirtznz@about.me	1947/05/12	171	65
865	Shelby	Beevens	sbeevenso0@photobucket.com	1988/09/21	254	62
866	Sonny	Meekin	smeekino1@cbsnews.com	1955/06/19	103	76
867	Mariann	Surtees	msurteeso2@edublogs.org	1953/09/23	205	55
868	Leone	Woollcott	lwoollcotto3@skype.com	1940/11/18	207	70
869	Tymon	Olland	tollando4@squarespace.com	1972/01/31	102	82
870	Hanny	Cressey	hcresseyo5@cyberchimps.com	1957/09/11	162	50
871	Marieann	Andrzejewski	mandrzejewskio6@gov.uk	1942/01/13	105	72
872	Salome	Lorenzo	slorenzoo7@tinypic.com	1966/07/02	249	77
873	Christal	Groocock	cgroococko8@dailymail.co.uk	1955/05/15	194	56
874	Rosalie	Rodger	rrodgero9@deviantart.com	1957/12/17	111	77
875	Fleurette	Downton	fdowntonoa@wikimedia.org	1988/10/28	129	81
876	Gualterio	Sommers	gsommersob@sciencedirect.com	1970/09/01	191	52
877	Burgess	Carbett	bcarbettoc@instagram.com	1996/12/19	126	50
878	Elva	Ridger	eridgerod@google.cn	1980/09/17	235	51
879	Rania	Baraclough	rbaracloughoe@histats.com	1969/11/02	153	60
880	Bethanne	Lygo	blygoof@stanford.edu	1965/12/29	136	71
881	Luciana	Brangan	lbranganog@w3.org	1998/05/29	216	51
882	Asa	Clapp	aclappoh@nih.gov	1958/07/04	211	69
883	Jonas	Grima	jgrimaoi@state.tx.us	1949/01/26	97	83
884	Haydon	Hutten	hhuttenoj@merriam-webster.com	1951/03/22	203	51
885	Vaughn	Epp	veppok@reference.com	1940/06/12	229	62
886	Charles	Thal	cthalol@amazon.de	1945/11/25	254	68
887	Skipper	Lerohan	slerohanom@youtu.be	1967/10/19	118	75
888	Maxy	Gonin	mgoninon@mozilla.com	1999/10/09	164	83
889	Niven	Polland	npollandoo@sciencedaily.com	1967/12/06	235	75
890	Armando	Smalridge	asmalridgeop@devhub.com	1997/10/20	179	82
891	Darbee	Doucette	ddoucetteoq@artisteer.com	1978/07/18	221	59
892	Anna	Sheach	asheachor@sphinn.com	1951/03/01	181	59
893	Evanne	Masterson	emastersonos@plala.or.jp	1996/10/07	251	65
894	Lilah	Saffer	lsafferot@altervista.org	1975/11/06	217	64
895	Onfre	Sammut	osammutou@slideshare.net	1959/12/25	248	59
896	Laryssa	Carlett	lcarlettov@multiply.com	1979/10/08	129	58
897	Lianna	Blanden	lblandenow@angelfire.com	1955/04/01	185	60
898	Nari	Golsthorp	ngolsthorpox@google.fr	1943/11/10	141	62
899	Bank	Ferrettino	bferrettinooy@reverbnation.com	1984/12/07	129	62
900	Bonita	Botten	bbottenoz@dmoz.org	1983/03/27	230	54
901	Theobald	Barrim	tbarrimp0@tinypic.com	1975/09/13	181	83
902	Salomone	Jordanson	sjordansonp1@meetup.com	1970/11/01	248	71
903	Ermengarde	Tapp	etappp2@youku.com	1960/08/20	142	78
904	Estrellita	Covolini	ecovolinip3@independent.co.uk	1959/07/14	147	80
905	Caye	Volett	cvolettp4@domainmarket.com	1948/01/07	125	63
906	Adan	Fulle	afullep5@samsung.com	1988/07/22	208	55
907	Chrisse	Eilhermann	ceilhermannp6@cmu.edu	1954/04/14	94	69
908	Juditha	Greg	jgregp7@livejournal.com	1969/07/06	172	56
909	Lissi	Marsters	lmarstersp8@goodreads.com	1945/02/17	114	53
910	Quintin	Plues	qpluesp9@cam.ac.uk	1981/04/22	160	52
911	Terrel	Stendell	tstendellpa@sun.com	1978/09/26	180	68
912	Mollee	Frazer	mfrazerpb@time.com	1947/05/01	99	77
913	Avrit	Neill	aneillpc@google.fr	1980/01/13	92	54
914	Rene	Christer	rchristerpd@washingtonpost.com	1986/03/12	228	74
915	Shurwood	Jacobovitch	sjacobovitchpe@spotify.com	1980/02/27	188	61
916	Herschel	Gascar	hgascarpf@gov.uk	1986/03/03	196	75
917	Fabien	Whittam	fwhittampg@ebay.com	1945/03/03	144	61
918	Yolane	Bentall	ybentallph@t.co	1959/04/30	109	79
919	Bebe	Frayling	bfraylingpi@wp.com	1977/08/03	239	76
920	Denyse	MacMeanma	dmacmeanmapj@nymag.com	1972/10/23	96	61
921	Hy	Mains	hmainspk@ihg.com	1978/07/28	246	81
922	Sigfried	Tattam	stattampl@pen.io	1974/03/30	152	54
923	Irina	Chillistone	ichillistonepm@elpais.com	1954/08/18	230	63
924	Rhonda	Coot	rcootpn@state.tx.us	1943/07/08	144	54
925	Cherie	Houndsom	choundsompo@dedecms.com	1977/09/26	226	55
926	Jaquenetta	Andress	jandresspp@ucsd.edu	1975/03/24	189	84
927	Nikolia	Simonato	nsimonatopq@huffingtonpost.com	1999/11/29	205	55
928	Marshall	Crang	mcrangpr@opera.com	1987/09/17	94	75
929	Dora	Morgon	dmorgonps@buzzfeed.com	1942/09/10	130	84
930	Larissa	Blakes	lblakespt@bing.com	1996/10/08	200	61
931	Lanny	Westmoreland	lwestmorelandpu@jiathis.com	1991/11/05	242	77
932	Horst	Goulbourne	hgoulbournepv@examiner.com	1946/12/15	230	71
933	Lenka	Locock	llocockpw@nytimes.com	1941/07/18	92	72
934	Alistair	Ohrtmann	aohrtmannpx@youtube.com	1986/06/04	158	58
935	Paige	Nowak	pnowakpy@nba.com	1972/06/26	94	55
936	Freddy	Ganter	fganterpz@examiner.com	1980/06/29	180	80
937	Thibaud	Tomet	ttometq0@1und1.de	1943/04/21	237	71
938	Cybil	Bissex	cbissexq1@posterous.com	1942/08/06	250	75
939	Loria	Claughton	lclaughtonq2@amazon.co.jp	1969/04/25	250	84
940	Korrie	Zute	kzuteq3@uol.com.br	1963/06/01	182	51
941	Freemon	Bugdall	fbugdallq4@themeforest.net	1969/10/15	199	78
942	Melanie	Calbreath	mcalbreathq5@twitter.com	1957/10/09	244	59
943	Marena	Roof	mroofq6@nature.com	1962/04/07	120	59
944	Curry	Sollime	csollimeq7@blogspot.com	1962/04/30	159	59
945	Dwayne	Stucksbury	dstucksburyq8@homestead.com	1992/04/03	131	73
946	Lexine	Johanchon	ljohanchonq9@tripadvisor.com	1943/04/28	121	71
947	Sawyere	Annell	sannellqa@ebay.com	1975/06/14	234	68
948	Catlaina	Sadry	csadryqb@whitehouse.gov	1992/05/06	141	53
949	Justino	Pinckstone	jpinckstoneqc@cocolog-nifty.com	1979/01/04	253	51
950	Starlene	Shark	ssharkqd@usatoday.com	1959/07/09	240	58
951	Anica	Whates	awhatesqe@nasa.gov	1963/09/25	143	82
952	Dennis	Korejs	dkorejsqf@jigsy.com	1974/04/16	136	71
953	Teriann	Pike	tpikeqg@wordpress.org	1954/01/29	102	69
954	Benita	Gulberg	bgulbergqh@newsvine.com	1980/06/17	129	56
955	Marlyn	Voden	mvodenqi@naver.com	1940/07/14	166	83
956	Laurette	Delgadillo	ldelgadilloqj@eepurl.com	1991/09/17	128	69
957	Caitrin	Marginson	cmarginsonqk@cnet.com	1965/04/15	254	72
958	Nani	Salmon	nsalmonql@aol.com	1996/07/19	121	79
959	Jannel	Aloway	jalowayqm@apple.com	1946/04/01	173	80
960	Marcella	Grimsdyke	mgrimsdykeqn@ca.gov	1985/03/27	160	52
961	Cary	Rickets	cricketsqo@wiley.com	1944/09/05	131	73
962	Amity	Bohling	abohlingqp@wufoo.com	1966/02/08	253	55
963	Almeda	Adamik	aadamikqq@people.com.cn	1972/03/29	212	68
964	Sibella	Dewen	sdewenqr@yahoo.com	1957/09/25	124	65
965	Marwin	Covotto	mcovottoqs@t.co	1944/09/30	199	69
966	Franky	Ratt	frattqt@mapy.cz	1966/02/21	136	64
967	Salem	McCorkell	smccorkellqu@lulu.com	1980/03/10	132	67
968	Munroe	Altham	malthamqv@wufoo.com	1955/02/24	235	55
969	Berky	Spaven	bspavenqw@senate.gov	1961/07/24	239	79
970	Arley	Haynes	ahaynesqx@ask.com	1958/05/09	256	52
971	Portie	de Werk	pdewerkqy@xrea.com	1952/07/25	155	55
972	Chelsy	Caspell	ccaspellqz@livejournal.com	1984/12/05	177	62
973	Ronda	Episcopio	repiscopior0@dedecms.com	1983/10/31	117	63
974	Clementia	Donegan	cdoneganr1@wsj.com	1970/11/20	225	62
975	Parsifal	Sullivan	psullivanr2@geocities.jp	1949/10/01	107	72
976	Elie	Izon	eizonr3@vimeo.com	1968/07/29	237	62
977	Guido	Curcher	gcurcherr4@example.com	1980/06/02	116	82
978	Agosto	Franzini	afranzinir5@theguardian.com	1986/12/20	138	63
979	Winnifred	Jirka	wjirkar6@bbb.org	1944/06/01	214	80
980	Nissy	Abbiss	nabbissr7@bbc.co.uk	1974/02/24	184	78
981	Stefano	Reichhardt	sreichhardtr8@icio.us	1946/05/28	182	61
982	Stacy	Brando	sbrandor9@netvibes.com	1943/02/03	236	50
983	Celinka	Roseburgh	croseburghra@soundcloud.com	1971/01/15	207	58
984	Aron	Abrahamian	aabrahamianrb@miitbeian.gov.cn	1946/09/22	231	58
985	Cairistiona	Garlinge	cgarlingerc@google.com.au	1980/02/27	254	84
986	Xenia	Durante	xduranterd@baidu.com	1964/06/20	254	77
987	Lura	Karleman	lkarlemanre@geocities.com	1996/08/05	126	70
988	Theo	Vedyaev	tvedyaevrf@washingtonpost.com	1947/02/14	175	61
989	Eimile	Khoter	ekhoterrg@deviantart.com	1972/10/20	103	63
990	Alley	Vesque	avesquerh@addthis.com	1970/02/20	123	51
991	Lanita	Lamont	llamontri@tiny.cc	1984/01/16	212	68
992	Gaelan	Greatorex	ggreatorexrj@deliciousdays.com	1981/08/24	195	50
993	Jillayne	Youdell	jyoudellrk@wix.com	1992/02/28	175	80
994	Roosevelt	Harnell	rharnellrl@wunderground.com	1947/08/13	101	76
995	Ellis	Neumann	eneumannrm@bigcartel.com	1985/10/29	112	61
996	Sebastiano	Iacobo	siacoborn@taobao.com	1945/10/24	255	58
997	Whitney	Learoid	wlearoidro@cmu.edu	1959/06/26	226	55
998	Filberte	Callinan	fcallinanrp@discuz.net	1964/09/27	99	67
999	Niels	Gunningham	ngunninghamrq@gmpg.org	1952/11/20	185	53
1000	Abigail	Passy	apassyrr@independent.co.uk	1967/01/15	228	80